<metadata xml:lang="en"><Esri><CreaDate>20200417</CreaDate><CreaTime>10121600</CreaTime><ArcGISFormat>1.0</ArcGISFormat><ArcGISstyle>North American Profile of ISO19115 2003</ArcGISstyle><SyncOnce>FALSE</SyncOnce><DataProperties><lineage><Process ToolSource="e:\sw_nt\arcgis\desktop10.3\ArcToolbox\Toolboxes\Data Management Tools.tbx\CalculateField" Date="20191119" Time="144421">CalculateField BC_caribou_herd_boundaries DATE_LOADED #2019/07/30# VB #</Process><Process ToolSource="e:\sw_nt\arcgis\desktop10.3\ArcToolbox\Toolboxes\Data Management Tools.tbx\CalculateField" Date="20191119" Time="144441">CalculateField BC_caribou_herd_boundaries DATE_LOADED #2019/07/30# VB #</Process><Process ToolSource="e:\sw_nt\arcgis\desktop10.6\ArcToolbox\Toolboxes\Data Management Tools.tbx\CalculateField" Date="20200309" Time="100007">CalculateField BC_caribou_herd_boundaries STATUS "APPROVED" VB #</Process><Process ToolSource="e:\sw_nt\arcgis\desktop10.6\ArcToolbox\Toolboxes\Data Management Tools.tbx\CalculateField" Date="20200309" Time="100033">CalculateField BC_caribou_herd_boundaries STATUS "PENDING" VB #</Process><Process ToolSource="e:\sw_nt\arcgis\desktop10.6\ArcToolbox\Toolboxes\Data Management Tools.tbx\Append" Date="20200416" Time="145135">Append twee_herdbdry_20200313_2 BC_caribou_herd_boundaries NO_TEST "HERD_NO "HERD_NO" true true false 50 Text 0 0 ,First,#;HERD_NAME "HERD_NAME" true true false 50 Text 0 0 ,First,#;REGION "REGION" true true false 50 Text 0 0 ,First,#;ECO_GROUP "ECO_GROUP" true true false 50 Text 0 0 ,First,#;YEAR_ "YEAR" true true false 50 Text 0 0 ,First,#;LAST_EST "LAST_EST" true true false 50 Text 0 0 ,First,#;RANGE "RANGE" true true false 50 Text 0 0 ,First,#;DESC_ "DESC" true true false 50 Text 0 0 ,First,#;TREND_LONG "TREND_LONG" true true false 50 Text 0 0 ,First,#;COMMENT_ "COMMENT" true true false 50 Text 0 0 ,First,#;HERD_PLAN "HERD_PLAN" true true false 250 Text 0 0 ,First,#;STATUS "STATUS" true true false 50 Text 0 0 ,First,#;DATE_LOADED "DATE_LOADED" true true false 8 Date 0 0 ,First,#;DATE_APPROVED "DATE_APPROVED" true true false 8 Date 0 0 ,First,#;DATE_RETIRED "DATE_RETIRED" true true false 8 Date 0 0 ,First,#;SHAPE_Length "SHAPE_Length" false true true 8 Double 0 0 ,First,#,twee_herdbdry_20200313_2,SHAPE_Length,-1,-1;SHAPE_Area "SHAPE_Area" false true true 8 Double 0 0 ,First,#,twee_herdbdry_20200313_2,SHAPE_Area,-1,-1" #</Process><Process ToolSource="e:\sw_nt\arcgis\desktop10.6\ArcToolbox\Toolboxes\Data Management Tools.tbx\CalculateField" Date="20200417" Time="102535">CalculateField BC_caribou_herd_boundaries ECO_GROUP "Southern Mountain - Central Group" VB #</Process><Process ToolSource="e:\sw_nt\arcgis\desktop10.6\ArcToolbox\Toolboxes\Data Management Tools.tbx\CalculateField" Date="20200424" Time="134529">CalculateField BC_caribou_herd_boundaries STATUS "RETIRED" VB #</Process><Process ToolSource="e:\sw_nt\arcgis\desktop10.6\ArcToolbox\Toolboxes\Data Management Tools.tbx\CalculateField" Date="20200424" Time="134541">CalculateField BC_caribou_herd_boundaries DATE_RETIRED "2020/04/24" VB #</Process><Process ToolSource="e:\sw_nt\arcgis\desktop10.6\ArcToolbox\Toolboxes\Data Management Tools.tbx\CalculateField" Date="20200424" Time="134921">CalculateField BC_caribou_herd_boundaries DATE_RETIRED "" VB #</Process><Process ToolSource="e:\sw_nt\arcgis\desktop10.6\ArcToolbox\Toolboxes\Data Management Tools.tbx\CalculateField" Date="20200424" Time="135244">CalculateField BC_caribou_herd_boundaries STATUS "RETIRED" VB #</Process><Process ToolSource="e:\sw_nt\arcgis\desktop10.6\ArcToolbox\Toolboxes\Data Management Tools.tbx\CalculateField" Date="20200424" Time="141755">CalculateField BC_caribou_herd_boundaries ECO_GROUP "Southern Mountain_southern group" VB #</Process><Process ToolSource="e:\sw_nt\arcgis\desktop10.6\ArcToolbox\Toolboxes\Data Management Tools.tbx\CalculateField" Date="20200424" Time="141913">CalculateField BC_caribou_herd_boundaries ECO_GROUP !ECO_GROUP!.title() PYTHON_9.3 #</Process><Process ToolSource="e:\sw_nt\arcgis\desktop10.6\ArcToolbox\Toolboxes\Data Management Tools.tbx\CalculateField" Date="20200424" Time="141946">CalculateField BC_caribou_herd_boundaries ECO_GROUP REPLACE( [ECO_GROUP],"_"," - ") VB #</Process><Process ToolSource="e:\sw_nt\arcgis\pro\Resources\ArcToolbox\toolboxes\Data Management Tools.tbx\UpdateSchema" Date="20210430" Time="095834">UpdateSchema "CIMDATA=&lt;CIMStandardDataConnection xsi:type='typens:CIMStandardDataConnection' xmlns:xsi='http://www.w3.org/2001/XMLSchema-instance' xmlns:xs='http://www.w3.org/2001/XMLSchema' xmlns:typens='http://www.esri.com/schemas/ArcGIS/2.7.0'&gt;&lt;WorkspaceConnectionString&gt;DATABASE=W:\env\esd\eis\wld\eis_arcproj\eis_19_007_cari_bc_core_hab\data\master\caribou_linework_master.gdb&lt;/WorkspaceConnectionString&gt;&lt;WorkspaceFactory&gt;FileGDB&lt;/WorkspaceFactory&gt;&lt;Dataset&gt;BC_caribou_herd_boundaries&lt;/Dataset&gt;&lt;DatasetType&gt;esriDTFeatureClass&lt;/DatasetType&gt;&lt;/CIMStandardDataConnection&gt;" "&lt;operationSequence&gt;&lt;workflow&gt;&lt;AddField&gt;&lt;field_name&gt;HERD_CODE&lt;/field_name&gt;&lt;field_type&gt;TEXT&lt;/field_type&gt;&lt;field_length&gt;10&lt;/field_length&gt;&lt;field_alias&gt;Herd Code&lt;/field_alias&gt;&lt;field_is_nullable&gt;True&lt;/field_is_nullable&gt;&lt;field_is_required&gt;False&lt;/field_is_required&gt;&lt;/AddField&gt;&lt;/workflow&gt;&lt;workflow&gt;&lt;AddField&gt;&lt;field_name&gt;COSEWIC_DU_CODE&lt;/field_name&gt;&lt;field_type&gt;LONG&lt;/field_type&gt;&lt;field_alias&gt;COSEWIC_DU_CODE&lt;/field_alias&gt;&lt;field_is_nullable&gt;True&lt;/field_is_nullable&gt;&lt;field_is_required&gt;False&lt;/field_is_required&gt;&lt;/AddField&gt;&lt;/workflow&gt;&lt;workflow&gt;&lt;AddField&gt;&lt;field_name&gt;COSEWIC_DU&lt;/field_name&gt;&lt;field_type&gt;TEXT&lt;/field_type&gt;&lt;field_length&gt;75&lt;/field_length&gt;&lt;field_alias&gt;COSEWIC_DU&lt;/field_alias&gt;&lt;field_is_nullable&gt;True&lt;/field_is_nullable&gt;&lt;field_is_required&gt;False&lt;/field_is_required&gt;&lt;/AddField&gt;&lt;/workflow&gt;&lt;/operationSequence&gt;"</Process><Process ToolSource="e:\sw_nt\arcgis\pro\Resources\ArcToolbox\toolboxes\Data Management Tools.tbx\CalculateGeometryAttributes" Date="20210430" Time="102603">CalculateGeometryAttributes BC_caribou_herd_boundaries "CENTROID_X CENTROID_X;CENTROID_Y CENTROID_Y" # # # "Same as input"</Process><Process ToolSource="e:\sw_nt\arcgis\pro\Resources\ArcToolbox\toolboxes\Conversion Tools.tbx\FeatureClassToFeatureClass" Date="20210430" Time="124622">FeatureClassToFeatureClass BC_caribou_herd_boundaries W:\env\esd\eis\wld\eis_arcproj\eis_19_007_cari_bc_core_hab\outputs\data_for_delivery\HerdBoundaryFTPData_30042021\BC_Core_Matrix_Boundary_30042021.gdb BC_Core_Matrix_Boundary_30042021 # "HERD_NO "Herd Number" true true false 50 Text 0 0,First,#,BC_caribou_herd_boundaries,HERD_NO,0,50;HERD_NAME "Herd Name" true true false 50 Text 0 0,First,#,BC_caribou_herd_boundaries,HERD_NAME,0,50;HERD_CODE "Herd Code" true true false 10 Text 0 0,First,#,BC_caribou_herd_boundaries,HERD_CODE,0,10;REGION "Region" true true false 50 Text 0 0,First,#,BC_caribou_herd_boundaries,REGION,0,50;ECO_GROUP "ECO Group" true true false 50 Text 0 0,First,#,BC_caribou_herd_boundaries,ECO_GROUP,0,50;COSEWIC_DU_CODE "COSEWIC DU Code" true true false 4 Long 0 0,First,#,BC_caribou_herd_boundaries,COSEWIC_DU_CODE,-1,-1;COSEWIC_DU "COSEWIC DU" true true false 75 Text 0 0,First,#,BC_caribou_herd_boundaries,COSEWIC_DU,0,75;HERD_PLAN "HERD_PLAN" true true false 250 Text 0 0,First,#,BC_caribou_herd_boundaries,HERD_PLAN,0,250;STATUS "STATUS" true true false 50 Text 0 0,First,#,BC_caribou_herd_boundaries,STATUS,0,50;DATE_LOADED "DATE_LOADED" true true false 8 Date 0 0,First,#,BC_caribou_herd_boundaries,DATE_LOADED,-1,-1;DATE_APPROVED "DATE_APPROVED" true true false 8 Date 0 0,First,#,BC_caribou_herd_boundaries,DATE_APPROVED,-1,-1;DATE_RETIRED "DATE_RETIRED" true true false 8 Date 0 0,First,#,BC_caribou_herd_boundaries,DATE_RETIRED,-1,-1;SHAPE_Length "SHAPE_Length" false true true 8 Double 0 0,First,#,BC_caribou_herd_boundaries,SHAPE_Length,-1,-1;SHAPE_Area "SHAPE_Area" false true true 8 Double 0 0,First,#,BC_caribou_herd_boundaries,SHAPE_Area,-1,-1;CENTROID_X "CENTROID_X" true true false 50 Text 0 0,First,#,BC_caribou_herd_boundaries,CENTROID_X,0,50;CENTROID_Y "CENTROID_Y" true true false 50 Text 0 0,First,#,BC_caribou_herd_boundaries,CENTROID_Y,0,50" #</Process><Process ToolSource="e:\sw_nt\arcgis\pro\Resources\ArcToolbox\Toolboxes\Data Management Tools.tbx\Rename" Date="20210430" Time="150556">Rename W:\env\esd\eis\wld\eis_arcproj\eis_19_007_cari_bc_core_hab\outputs\data_for_delivery\HerdBoundaryFTPData_30042021\BC_Herd_Boundaries_20210430.gdb\BC_Herd_Mapping_20210430 W:\env\esd\eis\wld\eis_arcproj\eis_19_007_cari_bc_core_hab\outputs\data_for_delivery\HerdBoundaryFTPData_30042021\BC_Herd_Boundaries_20210430.gdb\BC_Herd_Boundaries_20210430 FeatureClass</Process><Process ToolSource="c:\program files\arcgis\pro\Resources\ArcToolbox\toolboxes\Conversion Tools.tbx\FeatureClassToFeatureClass" Date="20210818" Time="112117">FeatureClassToFeatureClass BC_Herd_Boundaries_20210430 D:\EA4269_NorthernWoodlandCaribou\GISData\LGL_EA4269.gdb BC_Herd_Boundaries_20210430 # "HERD_NO "Herd Number" true true false 50 Text 0 0,First,#,BC_Herd_Boundaries_20210430,HERD_NO,0,50;HERD_NAME "Herd Name" true true false 50 Text 0 0,First,#,BC_Herd_Boundaries_20210430,HERD_NAME,0,50;HERD_CODE "Herd Code" true true false 10 Text 0 0,First,#,BC_Herd_Boundaries_20210430,HERD_CODE,0,10;REGION "Region" true true false 50 Text 0 0,First,#,BC_Herd_Boundaries_20210430,REGION,0,50;ECO_GROUP "ECO Group" true true false 50 Text 0 0,First,#,BC_Herd_Boundaries_20210430,ECO_GROUP,0,50;COSEWIC_DU_CODE "COSEWIC DU Code" true true false 4 Long 0 0,First,#,BC_Herd_Boundaries_20210430,COSEWIC_DU_CODE,-1,-1;COSEWIC_DU "COSEWIC DU" true true false 75 Text 0 0,First,#,BC_Herd_Boundaries_20210430,COSEWIC_DU,0,75;HERD_PLAN "HERD_PLAN" true true false 250 Text 0 0,First,#,BC_Herd_Boundaries_20210430,HERD_PLAN,0,250;STATUS "STATUS" true true false 50 Text 0 0,First,#,BC_Herd_Boundaries_20210430,STATUS,0,50;DATE_LOADED "DATE_LOADED" true true false 8 Date 0 0,First,#,BC_Herd_Boundaries_20210430,DATE_LOADED,-1,-1;DATE_APPROVED "DATE_APPROVED" true true false 8 Date 0 0,First,#,BC_Herd_Boundaries_20210430,DATE_APPROVED,-1,-1;DATE_RETIRED "DATE_RETIRED" true true false 8 Date 0 0,First,#,BC_Herd_Boundaries_20210430,DATE_RETIRED,-1,-1;CENTROID_X "CENTROID_X" true true false 50 Text 0 0,First,#,BC_Herd_Boundaries_20210430,CENTROID_X,0,50;CENTROID_Y "CENTROID_Y" true true false 50 Text 0 0,First,#,BC_Herd_Boundaries_20210430,CENTROID_Y,0,50;Shape_Length "Shape_Length" false true true 8 Double 0 0,First,#,BC_Herd_Boundaries_20210430,Shape_Length,-1,-1;Shape_Area "Shape_Area" false true true 8 Double 0 0,First,#,BC_Herd_Boundaries_20210430,Shape_Area,-1,-1" #</Process><Process ToolSource="c:\program files\arcgis\pro\Resources\ArcToolbox\toolboxes\Data Management Tools.tbx\MinimumBoundingGeometry" Date="20211026" Time="154705">MinimumBoundingGeometry BC_Herd_Boundaries_20210430 D:\BD10613_LichenRemoteSensing\Mapping\AOI_LonLat.shp "Rectangle by area" All # NO_MBG_FIELDS</Process></lineage><itemProps><itemLocation><linkage Sync="TRUE">file://\\JN-DESKTOP\D$\BD10613_LichenRemoteSensing\Mapping\AOI_LonLat.shp</linkage><protocol Sync="TRUE">Local Area Network</protocol></itemLocation><itemName Sync="TRUE">AOI_LonLat</itemName><imsContentType Sync="TRUE">002</imsContentType><nativeExtBox><westBL Sync="TRUE">501424.184200</westBL><eastBL Sync="TRUE">1746752.518800</eastBL><southBL Sync="TRUE">481318.779400</southBL><northBL Sync="TRUE">1698464.554800</northBL><exTypeCode Sync="TRUE">1</exTypeCode></nativeExtBox><itemSize Sync="TRUE">0.000</itemSize></itemProps><coordRef><type Sync="TRUE">Geographic</type><geogcsn Sync="TRUE">GCS_WGS_1984</geogcsn><csUnits Sync="TRUE">Angular Unit: Degree (0.017453)</csUnits><peXml Sync="TRUE">&lt;GeographicCoordinateSystem xsi:type='typens:GeographicCoordinateSystem' xmlns:xsi='http://www.w3.org/2001/XMLSchema-instance' xmlns:xs='http://www.w3.org/2001/XMLSchema' xmlns:typens='http://www.esri.com/schemas/ArcGIS/2.8.0'&gt;&lt;WKT&gt;GEOGCS[&amp;quot;GCS_WGS_1984&amp;quot;,DATUM[&amp;quot;D_WGS_1984&amp;quot;,SPHEROID[&amp;quot;WGS_1984&amp;quot;,6378137.0,298.257223563]],PRIMEM[&amp;quot;Greenwich&amp;quot;,0.0],UNIT[&amp;quot;Degree&amp;quot;,0.0174532925199433],AUTHORITY[&amp;quot;EPSG&amp;quot;,4326]]&lt;/WKT&gt;&lt;XOrigin&gt;-400&lt;/XOrigin&gt;&lt;YOrigin&gt;-400&lt;/YOrigin&gt;&lt;XYScale&gt;11258999068426.238&lt;/XYScale&gt;&lt;ZOrigin&gt;-100000&lt;/ZOrigin&gt;&lt;ZScale&gt;10000&lt;/ZScale&gt;&lt;MOrigin&gt;-100000&lt;/MOrigin&gt;&lt;MScale&gt;10000&lt;/MScale&gt;&lt;XYTolerance&gt;8.983152841195215e-09&lt;/XYTolerance&gt;&lt;ZTolerance&gt;0.001&lt;/ZTolerance&gt;&lt;MTolerance&gt;0.001&lt;/MTolerance&gt;&lt;HighPrecision&gt;true&lt;/HighPrecision&gt;&lt;LeftLongitude&gt;-180&lt;/LeftLongitude&gt;&lt;WKID&gt;4326&lt;/WKID&gt;&lt;LatestWKID&gt;4326&lt;/LatestWKID&gt;&lt;/GeographicCoordinateSystem&gt;</peXml></coordRef></DataProperties><SyncDate>20211026</SyncDate><SyncTime>15470500</SyncTime><ModDate>20211026</ModDate><ModTime>15470500</ModTime></Esri><dataIdInfo><envirDesc Sync="TRUE">Microsoft Windows 10 Version 10.0 (Build 19043) ; Esri ArcGIS 12.8.3.29751</envirDesc><dataLang><languageCode value="eng" Sync="TRUE"></languageCode><countryCode value="CAN" Sync="TRUE"></countryCode></dataLang><idCitation><resTitle Sync="TRUE">AOI_LonLat</resTitle><presForm><PresFormCd value="005" Sync="TRUE"></PresFormCd></presForm></idCitation><spatRpType><SpatRepTypCd value="001" Sync="TRUE"></SpatRepTypCd></spatRpType><dataExt><geoEle><GeoBndBox esriExtentType="search"><exTypeCode Sync="TRUE">1</exTypeCode><westBL Sync="TRUE">-134.931436</westBL><eastBL Sync="TRUE">-112.709694</eastBL><northBL Sync="TRUE">60.269412</northBL><southBL Sync="TRUE">48.863179</southBL></GeoBndBox></geoEle></dataExt></dataIdInfo><mdLang><languageCode value="eng" Sync="TRUE"></languageCode><countryCode value="CAN" Sync="TRUE"></countryCode></mdLang><distInfo><distFormat><formatName Sync="TRUE">Shapefile</formatName></distFormat><distTranOps><transSize Sync="TRUE">0.000</transSize></distTranOps></distInfo><mdHrLv><ScopeCd value="005" Sync="TRUE"></ScopeCd></mdHrLv><mdHrLvName Sync="TRUE">dataset</mdHrLvName><refSysInfo><RefSystem><refSysID><identCode code="4326" Sync="TRUE"></identCode><idCodeSpace Sync="TRUE">EPSG</idCodeSpace><idVersion Sync="TRUE">6.2(3.0.1)</idVersion></refSysID></RefSystem></refSysInfo><spatRepInfo><VectSpatRep><geometObjs Name="AOI_LonLat"><geoObjTyp><GeoObjTypCd value="002" Sync="TRUE"></GeoObjTypCd></geoObjTyp><geoObjCnt Sync="TRUE">0</geoObjCnt></geometObjs><topLvl><TopoLevCd value="001" Sync="TRUE"></TopoLevCd></topLvl></VectSpatRep></spatRepInfo><spdoinfo><ptvctinf><esriterm Name="AOI_LonLat"><efeatyp Sync="TRUE">Simple</efeatyp><efeageom code="4" Sync="TRUE"></efeageom><esritopo Sync="TRUE">FALSE</esritopo><efeacnt Sync="TRUE">0</efeacnt><spindex Sync="TRUE">FALSE</spindex><linrefer Sync="TRUE">FALSE</linrefer></esriterm></ptvctinf></spdoinfo><eainfo><detailed Name="AOI_LonLat"><enttyp><enttypl Sync="TRUE">AOI_LonLat</enttypl><enttypt Sync="TRUE">Feature Class</enttypt><enttypc Sync="TRUE">0</enttypc></enttyp><attr><attrlabl Sync="TRUE">FID</attrlabl><attalias Sync="TRUE">FID</attalias><attrtype Sync="TRUE">OID</attrtype><attwidth Sync="TRUE">4</attwidth><atprecis Sync="TRUE">0</atprecis><attscale Sync="TRUE">0</attscale><attrdef Sync="TRUE">Internal feature number.</attrdef><attrdefs Sync="TRUE">Esri</attrdefs><attrdomv><udom Sync="TRUE">Sequential unique whole numbers that are automatically generated.</udom></attrdomv></attr><attr><attrlabl Sync="TRUE">SHAPE</attrlabl><attalias Sync="TRUE">Shape</attalias><attrtype Sync="TRUE">Geometry</attrtype><attwidth Sync="TRUE">0</attwidth><atprecis Sync="TRUE">0</atprecis><attscale Sync="TRUE">0</attscale><attrdef Sync="TRUE">Feature geometry.</attrdef><attrdefs Sync="TRUE">Esri</attrdefs><attrdomv><udom Sync="TRUE">Coordinates defining the features.</udom></attrdomv></attr><attr><attrlabl Sync="TRUE">Id</attrlabl><attalias Sync="TRUE">Id</attalias><attrtype Sync="TRUE">Integer</attrtype><attwidth Sync="TRUE">6</attwidth><atprecis Sync="TRUE">6</atprecis><attscale Sync="TRUE">0</attscale></attr></detailed></eainfo><mdDateSt Sync="TRUE">20211026</mdDateSt></metadata>
